{
    "scenario": "boxes-1000",
    "gitSha": "be050d5",
    "warmupFrames": 60,
    "measureFrames": 300,
    "dt": 0.016666666666666666,
    "frame": {
        "p50Ms": 61.583884,
        "p95Ms": 84.152481,
        "p99Ms": 148.99828,
        "meanMs": 61.38116257666663,
        "minMs": 35.557321,
        "maxMs": 186.324108,
        "fps": 16.291643201625167
    },
    "gc": {
        "runs": 0,
        "collected": 0
    },
    "sections": []
}
