{
    "scenario": "empty-scene",
    "gitSha": "be050d5",
    "warmupFrames": 60,
    "measureFrames": 300,
    "dt": 0.016666666666666666,
    "frame": {
        "p50Ms": 0.035611,
        "p95Ms": 0.072909,
        "p99Ms": 0.202146,
        "meanMs": 0.11279798333333332,
        "minMs": 0.034573,
        "maxMs": 10.548103,
        "fps": 8865.406724913375
    },
    "gc": {
        "runs": 0,
        "collected": 0
    },
    "sections": []
}
