{
    "scenario": "mesh-gen-stress",
    "gitSha": "be050d5",
    "warmupFrames": 60,
    "measureFrames": 300,
    "dt": 0.016666666666666666,
    "frame": {
        "p50Ms": 4.664391,
        "p95Ms": 17.209625,
        "p99Ms": 18.499599,
        "meanMs": 8.230289740000003,
        "minMs": 3.829294,
        "maxMs": 19.369392,
        "fps": 121.50240533330235
    },
    "gc": {
        "runs": 0,
        "collected": 0
    },
    "sections": []
}
