{
    "scenario": "mixed-scene",
    "gitSha": "be050d5",
    "warmupFrames": 60,
    "measureFrames": 300,
    "dt": 0.016666666666666666,
    "frame": {
        "p50Ms": 4.750036,
        "p95Ms": 17.032261,
        "p99Ms": 17.690994,
        "meanMs": 8.104886243333334,
        "minMs": 2.407968,
        "maxMs": 24.933923,
        "fps": 123.38236095818728
    },
    "gc": {
        "runs": 0,
        "collected": 0
    },
    "sections": []
}
