{
    "scenario": "physics-stack",
    "gitSha": "be050d5",
    "warmupFrames": 60,
    "measureFrames": 300,
    "dt": 0.016666666666666666,
    "frame": {
        "p50Ms": 2.749104,
        "p95Ms": 14.763779,
        "p99Ms": 15.844072,
        "meanMs": 5.124265513333334,
        "minMs": 1.964411,
        "maxMs": 17.629061,
        "fps": 195.1499190270295
    },
    "gc": {
        "runs": 0,
        "collected": 0
    },
    "sections": []
}
